-- MySQL dump 10.13  Distrib 5.5.45, for CYGWIN (x86_64)
--
-- Host: 127.0.0.1    Database: frame
-- ------------------------------------------------------
-- Server version	5.6.26

/*!40101 SET @OLD_CHARACTER_SET_CLIENT=@@CHARACTER_SET_CLIENT */;
/*!40101 SET @OLD_CHARACTER_SET_RESULTS=@@CHARACTER_SET_RESULTS */;
/*!40101 SET @OLD_COLLATION_CONNECTION=@@COLLATION_CONNECTION */;
/*!40101 SET NAMES utf8 */;
/*!40103 SET @OLD_TIME_ZONE=@@TIME_ZONE */;
/*!40103 SET TIME_ZONE='+00:00' */;
/*!40014 SET @OLD_UNIQUE_CHECKS=@@UNIQUE_CHECKS, UNIQUE_CHECKS=0 */;
/*!40014 SET @OLD_FOREIGN_KEY_CHECKS=@@FOREIGN_KEY_CHECKS, FOREIGN_KEY_CHECKS=0 */;
/*!40101 SET @OLD_SQL_MODE=@@SQL_MODE, SQL_MODE='NO_AUTO_VALUE_ON_ZERO' */;
/*!40111 SET @OLD_SQL_NOTES=@@SQL_NOTES, SQL_NOTES=0 */;

--
-- Table structure for table `controller`
--

DROP TABLE IF EXISTS `controller`;
/*!40101 SET @saved_cs_client     = @@character_set_client */;
/*!40101 SET character_set_client = utf8 */;
CREATE TABLE `controller` (
  `controller_id` int(10) unsigned NOT NULL AUTO_INCREMENT,
  `controller` varchar(100) NOT NULL,
  `created_at` datetime NOT NULL,
  `updated_at` datetime NOT NULL,
  PRIMARY KEY (`controller_id`)
) ENGINE=InnoDB AUTO_INCREMENT=6 DEFAULT CHARSET=latin1;
/*!40101 SET character_set_client = @saved_cs_client */;

--
-- Dumping data for table `controller`
--

LOCK TABLES `controller` WRITE;
/*!40000 ALTER TABLE `controller` DISABLE KEYS */;
INSERT INTO `controller` VALUES (1,'\\Work\\Controllers\\Login::login','2015-11-30 20:41:04','2015-11-30 20:41:04'),(2,'\\Work\\Controllers\\Login::check','2015-11-30 20:41:24','2015-11-30 20:41:24'),(3,'\\Work\\Controllers\\Main::start','2015-12-01 19:28:35','2015-12-01 19:28:35'),(4,'\\Work\\Controllers\\Main::middle','2015-12-01 19:28:50','2015-12-01 19:28:50'),(5,'\\Work\\Controllers\\Main::welcome','2015-12-01 19:29:04','2015-12-01 19:29:04');
/*!40000 ALTER TABLE `controller` ENABLE KEYS */;
UNLOCK TABLES;

--
-- Table structure for table `group`
--

DROP TABLE IF EXISTS `group`;
/*!40101 SET @saved_cs_client     = @@character_set_client */;
/*!40101 SET character_set_client = utf8 */;
CREATE TABLE `group` (
  `group_id` int(10) unsigned NOT NULL AUTO_INCREMENT,
  `group` varchar(100) NOT NULL,
  `created_at` datetime NOT NULL,
  `updated_at` datetime NOT NULL,
  PRIMARY KEY (`group_id`)
) ENGINE=InnoDB AUTO_INCREMENT=3 DEFAULT CHARSET=latin1;
/*!40101 SET character_set_client = @saved_cs_client */;

--
-- Dumping data for table `group`
--

LOCK TABLES `group` WRITE;
/*!40000 ALTER TABLE `group` DISABLE KEYS */;
INSERT INTO `group` VALUES (1,'Admin','2015-11-17 21:30:11','2015-11-17 21:30:11'),(2,'Basic','2015-11-22 14:25:31','2015-11-22 14:25:31');
/*!40000 ALTER TABLE `group` ENABLE KEYS */;
UNLOCK TABLES;

--
-- Table structure for table `group_role`
--

DROP TABLE IF EXISTS `group_role`;
/*!40101 SET @saved_cs_client     = @@character_set_client */;
/*!40101 SET character_set_client = utf8 */;
CREATE TABLE `group_role` (
  `group_role_id` int(10) unsigned NOT NULL AUTO_INCREMENT,
  `group_id` int(10) unsigned NOT NULL,
  `role_id` int(10) unsigned NOT NULL,
  `created_at` datetime NOT NULL,
  `updated_at` datetime NOT NULL,
  PRIMARY KEY (`group_role_id`)
) ENGINE=InnoDB AUTO_INCREMENT=2 DEFAULT CHARSET=latin1;
/*!40101 SET character_set_client = @saved_cs_client */;

--
-- Dumping data for table `group_role`
--

LOCK TABLES `group_role` WRITE;
/*!40000 ALTER TABLE `group_role` DISABLE KEYS */;
INSERT INTO `group_role` VALUES (1,2,1,'2015-11-23 14:56:17','2015-11-23 14:56:17');
/*!40000 ALTER TABLE `group_role` ENABLE KEYS */;
UNLOCK TABLES;

--
-- Table structure for table `input`
--

DROP TABLE IF EXISTS `input`;
/*!40101 SET @saved_cs_client     = @@character_set_client */;
/*!40101 SET character_set_client = utf8 */;
CREATE TABLE `input` (
  `input_id` int(10) unsigned NOT NULL AUTO_INCREMENT,
  `controller_id` int(10) unsigned NOT NULL,
  `input` varchar(100) NOT NULL,
  `created_at` datetime NOT NULL,
  `updated_at` datetime NOT NULL,
  PRIMARY KEY (`input_id`)
) ENGINE=InnoDB DEFAULT CHARSET=latin1;
/*!40101 SET character_set_client = @saved_cs_client */;

--
-- Dumping data for table `input`
--

LOCK TABLES `input` WRITE;
/*!40000 ALTER TABLE `input` DISABLE KEYS */;
/*!40000 ALTER TABLE `input` ENABLE KEYS */;
UNLOCK TABLES;

--
-- Table structure for table `key`
--

DROP TABLE IF EXISTS `key`;
/*!40101 SET @saved_cs_client     = @@character_set_client */;
/*!40101 SET character_set_client = utf8 */;
CREATE TABLE `key` (
  `key_id` int(10) unsigned NOT NULL AUTO_INCREMENT,
  `type` varchar(20) NOT NULL,
  `key` varchar(32) NOT NULL,
  `created_at` datetime NOT NULL,
  `updated_at` datetime NOT NULL,
  PRIMARY KEY (`key_id`)
) ENGINE=InnoDB AUTO_INCREMENT=2 DEFAULT CHARSET=latin1;
/*!40101 SET character_set_client = @saved_cs_client */;

--
-- Dumping data for table `key`
--

LOCK TABLES `key` WRITE;
/*!40000 ALTER TABLE `key` DISABLE KEYS */;
INSERT INTO `key` VALUES (1,'default','000000000000000000000000000000GH','2015-10-29 22:42:27','2015-12-01 22:31:02');
/*!40000 ALTER TABLE `key` ENABLE KEYS */;
UNLOCK TABLES;

--
-- Table structure for table `navigation`
--

DROP TABLE IF EXISTS `navigation`;
/*!40101 SET @saved_cs_client     = @@character_set_client */;
/*!40101 SET character_set_client = utf8 */;
CREATE TABLE `navigation` (
  `navigation_id` int(10) unsigned NOT NULL AUTO_INCREMENT,
  `user_id` int(10) unsigned NOT NULL,
  `key` varchar(64) NOT NULL,
  `type` enum('controller','target','input') NOT NULL,
  `navigation` varchar(100) NOT NULL,
  `created_at` datetime NOT NULL,
  `updated_at` datetime NOT NULL,
  PRIMARY KEY (`navigation_id`)
) ENGINE=InnoDB AUTO_INCREMENT=1558 DEFAULT CHARSET=latin1;
/*!40101 SET character_set_client = @saved_cs_client */;

--
-- Dumping data for table `navigation`
--

LOCK TABLES `navigation` WRITE;
/*!40000 ALTER TABLE `navigation` DISABLE KEYS */;
INSERT INTO `navigation` VALUES (1551,1,'510d5dbc0ce4b0624b921d6baf9e32847d3520d9df52ff21243f72958af8e770','target','1','2015-12-01 22:31:02','2015-12-01 22:31:02'),(1556,1,'d6746055c4a59c4d1366b39ea02f7bcb2a7e092dfa4d177f3fbd4aee759a295f','target','2','2015-12-01 22:31:02','2015-12-01 22:31:02');
/*!40000 ALTER TABLE `navigation` ENABLE KEYS */;
UNLOCK TABLES;

--
-- Table structure for table `role`
--

DROP TABLE IF EXISTS `role`;
/*!40101 SET @saved_cs_client     = @@character_set_client */;
/*!40101 SET character_set_client = utf8 */;
CREATE TABLE `role` (
  `role_id` int(10) unsigned NOT NULL AUTO_INCREMENT,
  `role` varchar(100) NOT NULL,
  `created_at` datetime NOT NULL,
  `updated_at` datetime NOT NULL,
  PRIMARY KEY (`role_id`)
) ENGINE=InnoDB AUTO_INCREMENT=2 DEFAULT CHARSET=latin1;
/*!40101 SET character_set_client = @saved_cs_client */;

--
-- Dumping data for table `role`
--

LOCK TABLES `role` WRITE;
/*!40000 ALTER TABLE `role` DISABLE KEYS */;
INSERT INTO `role` VALUES (1,'login','2015-11-23 14:56:39','2015-11-23 14:56:39');
/*!40000 ALTER TABLE `role` ENABLE KEYS */;
UNLOCK TABLES;

--
-- Table structure for table `role_controller`
--

DROP TABLE IF EXISTS `role_controller`;
/*!40101 SET @saved_cs_client     = @@character_set_client */;
/*!40101 SET character_set_client = utf8 */;
CREATE TABLE `role_controller` (
  `role_controller_id` int(10) unsigned NOT NULL AUTO_INCREMENT,
  `role_id` int(10) unsigned NOT NULL,
  `controller_id` int(10) unsigned NOT NULL,
  `created_at` datetime NOT NULL,
  `updated_at` datetime NOT NULL,
  PRIMARY KEY (`role_controller_id`)
) ENGINE=InnoDB AUTO_INCREMENT=5 DEFAULT CHARSET=latin1;
/*!40101 SET character_set_client = @saved_cs_client */;

--
-- Dumping data for table `role_controller`
--

LOCK TABLES `role_controller` WRITE;
/*!40000 ALTER TABLE `role_controller` DISABLE KEYS */;
INSERT INTO `role_controller` VALUES (1,1,1,'2015-11-30 19:39:15','2015-11-30 19:39:15'),(2,1,2,'2015-11-30 19:41:35','2015-11-30 19:41:35'),(3,1,3,'2015-12-01 21:04:21','2015-12-01 21:04:21'),(4,1,4,'2015-12-01 21:04:34','2015-12-01 21:04:34');
/*!40000 ALTER TABLE `role_controller` ENABLE KEYS */;
UNLOCK TABLES;

--
-- Table structure for table `target`
--

DROP TABLE IF EXISTS `target`;
/*!40101 SET @saved_cs_client     = @@character_set_client */;
/*!40101 SET character_set_client = utf8 */;
CREATE TABLE `target` (
  `target_id` int(10) unsigned NOT NULL AUTO_INCREMENT,
  `target` varchar(100) NOT NULL,
  `created_at` datetime NOT NULL,
  `updated_at` datetime NOT NULL,
  PRIMARY KEY (`target_id`)
) ENGINE=InnoDB AUTO_INCREMENT=3 DEFAULT CHARSET=latin1;
/*!40101 SET character_set_client = @saved_cs_client */;

--
-- Dumping data for table `target`
--

LOCK TABLES `target` WRITE;
/*!40000 ALTER TABLE `target` DISABLE KEYS */;
INSERT INTO `target` VALUES (1,'welcome','2015-12-01 22:11:10','2015-12-01 22:11:10'),(2,'middle','2015-12-01 22:11:16','2015-12-01 22:11:16');
/*!40000 ALTER TABLE `target` ENABLE KEYS */;
UNLOCK TABLES;

--
-- Table structure for table `user`
--

DROP TABLE IF EXISTS `user`;
/*!40101 SET @saved_cs_client     = @@character_set_client */;
/*!40101 SET character_set_client = utf8 */;
CREATE TABLE `user` (
  `user_id` int(10) unsigned NOT NULL AUTO_INCREMENT,
  `username` varchar(20) NOT NULL,
  `password` varchar(60) NOT NULL,
  `session` varchar(64) DEFAULT NULL,
  `created_at` datetime NOT NULL,
  `updated_at` datetime NOT NULL,
  PRIMARY KEY (`user_id`),
  UNIQUE KEY `username` (`username`)
) ENGINE=InnoDB AUTO_INCREMENT=4 DEFAULT CHARSET=latin1;
/*!40101 SET character_set_client = @saved_cs_client */;

--
-- Dumping data for table `user`
--

LOCK TABLES `user` WRITE;
/*!40000 ALTER TABLE `user` DISABLE KEYS */;
INSERT INTO `user` VALUES (1,'jason','$2y$10$5giOv3zO.R6xDxVdIT71C.LnqNdv3LA3Parjb5ko.11Nb.FFe3fT2','82a53dc06cd8c94da1619ea6c6f7d5ed2b0f81550fc9b69db93ad57dc45dbed4','2015-10-14 19:34:51','2015-11-30 22:43:10'),(2,'jason2','$2y$10$TQv7lbkfVnml4zxnVKZ1yeUeyyp9TPXslHEBDBjPgD2u7B08B3KgS',NULL,'2015-11-30 21:35:59','2015-11-30 21:35:59');
/*!40000 ALTER TABLE `user` ENABLE KEYS */;
UNLOCK TABLES;

--
-- Table structure for table `user_group`
--

DROP TABLE IF EXISTS `user_group`;
/*!40101 SET @saved_cs_client     = @@character_set_client */;
/*!40101 SET character_set_client = utf8 */;
CREATE TABLE `user_group` (
  `user_group_id` int(10) unsigned NOT NULL AUTO_INCREMENT,
  `user_id` int(10) unsigned NOT NULL,
  `group_id` int(10) unsigned NOT NULL,
  `created_at` datetime NOT NULL,
  `updated_at` datetime NOT NULL,
  PRIMARY KEY (`user_group_id`)
) ENGINE=InnoDB AUTO_INCREMENT=4 DEFAULT CHARSET=latin1;
/*!40101 SET character_set_client = @saved_cs_client */;

--
-- Dumping data for table `user_group`
--

LOCK TABLES `user_group` WRITE;
/*!40000 ALTER TABLE `user_group` DISABLE KEYS */;
INSERT INTO `user_group` VALUES (1,1,1,'2015-11-17 21:29:24','2015-11-17 21:29:24'),(2,1,2,'2015-11-22 14:26:32','2015-11-22 14:26:32'),(3,2,2,'2015-11-30 21:36:21','2015-11-30 21:36:21');
/*!40000 ALTER TABLE `user_group` ENABLE KEYS */;
UNLOCK TABLES;
/*!40103 SET TIME_ZONE=@OLD_TIME_ZONE */;

/*!40101 SET SQL_MODE=@OLD_SQL_MODE */;
/*!40014 SET FOREIGN_KEY_CHECKS=@OLD_FOREIGN_KEY_CHECKS */;
/*!40014 SET UNIQUE_CHECKS=@OLD_UNIQUE_CHECKS */;
/*!40101 SET CHARACTER_SET_CLIENT=@OLD_CHARACTER_SET_CLIENT */;
/*!40101 SET CHARACTER_SET_RESULTS=@OLD_CHARACTER_SET_RESULTS */;
/*!40101 SET COLLATION_CONNECTION=@OLD_COLLATION_CONNECTION */;
/*!40111 SET SQL_NOTES=@OLD_SQL_NOTES */;

-- Dump completed on 2015-12-01 22:45:35
